Year,Age,AreaPlanted,Cycle1,Cycle2,Cycle3,Cycle4,Cycle5,Cycle6,Cycle7,TotalRemovals,NetRemovals,RemovalRate
2024,0,2,502.93381239385224,0,0,0,0,0,0,502.93381239385224,226.3202155772335,226.3202155772335
2025,1,173,522.8825509937438,45229.34066095884,0,0,0,0,0,45752.22321195259,20588.50044537866,20362.180229801426
2026,2,682.5,542.6354308731914,46937.96477053105,178433.67052661505,0,0,0,0,225914.2707280193,101661.42182760866,81072.92138223001
2027,3,643,562.183062651254,48628.83491933347,185174.3407854765,168106.74014448863,0,0,0,402472.09891194984,181112.44451037742,79451.02268276876
2028,4,1000,581.5171572218403,50301.23409968919,191844.9701297404,174457.291025731,261441.2754968719,0,0,678626.2879092543,305381.82955916435,124269.38504878693
2029,5,1000,600.6304296390368,51954.532163776676,198442.72990195302,180741.8546423781,271317.71543659567,261441.2754968719,0,964498.7380712144,434024.43213204644,128642.60257288208
2030,6,1000,619.5165124979987,53588.178331076895,204965.1341143213,186957.76604682166,281091.531325627,271317.71543659567,261441.2754968719,1259981.1172638123,566991.5027687154,132967.07063666894
2031,7,0,638.169877648395,55201.694416586164,211410.0098899421,193102.68312895033,290758.5786109202,281091.531325627,271317.71543659567,1303520.3826862697,586584.1722088214,19592.669440106023
2032,8,0,656.5857652522766,56794.668694321925,217775.47074751477,199174.5587681066,300315.2148195184,290758.5786109202,281091.531325627,1346566.608731261,605954.9739290675,19370.80172024609
2033,9,0,674.7601193420644,58366.75032308858,224059.89239233936,205171.615663959,309758.2562489994,300315.2148195184,290758.5786109202,1389105.0681781669,625097.2806801749,19142.306751107448
2034,10,0,692.6895291534448,59917.644271772966,230261.89072547952,211092.3235286069,319084.9388241975,309758.2562489994,300315.2148195184,1431122.9579477282,644005.3310764775,18908.0503963026
2035,11,0,710.3711756071461,61447.10669001813,236380.30182361306,216935.37836847376,328292.88262613834,319084.9388241975,309758.2562489994,1472609.2357570473,662674.1560906712,18668.82501419366
2036,12,0,727.802782396683,62954.940677313076,242414.16367593862,222699.68362283247,337380.05967103224,328292.88262613834,319084.9388241975,1513554.471879849,681099.5123459321,18425.35625526088
2037,13,0,744.9825712091465,64440.99240959117,248362.6994928681,228384.33295769745,346344.7645767224,337380.05967103224,328292.88262613834,1553950.7143052588,699277.8214373664,18178.30909143435
2038,14,0,761.9092206654145,65905.14758755837,254225.30242512125,233988.59454053358,355185.5878035731,346344.7645767224,337380.05967103224,1593791.3658252065,717206.1146213426,17928.293183976202
2039,15,0,778.5818286165724,67347.3281753335,260001.5215520727,239511.8966437406,363901.3911983415,355185.5878035731,346344.7645767224,1633071.0717784003,734881.98230028,17675.867678937386
2040,16,0,794.9998774764574,68767.48940171357,265691.04901540536,244953.81444393078,372491.2856045733,363901.3911983415,355185.5878035731,1671785.6173450141,752303.5278052563,17421.545504976297
2041,17,0,811.1632023072582,70165.61699957783,271293.7081888411,250314.05790022798,380954.6103327073,372491.2856045733,363901.3911983415,1709931.8334265763,769469.3250419595,17165.79723670322
2042,18,0,827.0719614069992,71541.72466170543,276809.4427873519,255592.46060868108,389290.91430828616,380954.6103327073,372491.2856045733,1747507.5102647122,786378.3796191205,16909.054577160976
2043,19,0,842.7266091753795,72895.85169367032,282238.30683013855,260788.96954178353,397499.9387382288,389290.91430828616,380954.6103327073,1784511.3180539901,803030.0931242956,16651.71350517508
2044,20,0,858.1278710584223,74228.06084655353,287580.4553810982,265903.63559235027,405581.60115362913,397499.9387382288,389290.91430828616,1820942.7338912045,819424.2302510417,16394.13712674612
2045,21,0,873.2767203933261,75538.4363140227,292836.1359986866,270936.6048498846,413535.98070349963,405581.60115362913,397499.9387382288,1856801.9744783447,835560.888515255,16136.658264213242
2046,22,0,888.1743569932097,76827.08187991264,298005.6808342225,275888.1105452828,421363.30458768975,413535.98070349963,405581.60115362913,1892089.9340612297,851440.4703275532,15879.581812298275
2047,23,0,902.8221873275306,78094.1192038314,303089.4993239328,280758.46560645435,429063.9355292112,421363.30458768975,413535.98070349963,1926808.1271419465,867063.6572138758,15623.186886322568
2048,24,0,917.2218061680937,79339.68623354012,308088.0714255199,285548.0557733169,436638.36019666307,429063.9355292112,421363.30458768975,1960958.6355521088,882431.385998449,15367.728784573264
2049,25,0,931.3749795830793,80563.93573393635,313001.94135486207,290257.3332258011,444087.17849660484,436638.36019666307,429063.9355292112,1994544.0595166618,897544.8267824978,15113.440784048755
2050,26,0,945.2836291725889,81767.03392342894,317831.71178272576,294886.81068304216,451411.0936637653,444087.17849660484,436638.36019666307,2027567.4723754027,912405.3625689311,14860.535786433262
2051,27,0,958.9498174490386,82949.15920934184,322578.0384551459,299437.0559359599,458610.9030840469,451411.0936637653,444087.17849660484,2060032.3786623138,927014.5703980412,14609.207829110092
2052,28,0,972.3757342744856,84110.501014743,327241.62520448444,303908.6867789873,465687.48979153956,458610.9030840469,451411.0936637653,2091942.675271841,941374.2038723286,14359.63347428746
2053,29,0,985.5636842747947,85251.25868976975,331823.21932116814,308302.36630986596,472641.81458629447,465687.48979153956,458610.9030840469,2123302.61546696,955486.1769601317,14111.973087803111
2054,30,0,998.5160751575465,86371.64050112777,336323.60725877376,312618.7985692471,479474.9087245193,472641.81458629447,465687.48979153956,2154116.7755066594,969352.5489779966,13866.372017864836
2055,31,0,1011.2354068668528,87471.86269398278,340743.6106475127,316858.72449434653,486187.8671372428,479474.9087245193,472641.81458629447,2184390.0236907653,982975.5106608444,13622.961682847817
2056,32,0,1023.7242615138989,88552.14862095224,345084.08259331365,321022.91816315113,492781.8421373974,486187.8671372428,479474.9087245193,2214127.4916380905,996357.3712371406,13381.860576296225
2057,33,0,1035.985294027097,89612.7279333439,349345.9042416181,325112.1833076932,499258.0375787732,492781.8421373974,486187.8671372428,2243334.547630096,1009500.5464335432,13143.17519640259
2058,34,0,1048.0212234703333,90653.83583018383,353529.9815867469,329127.35007671855,505617.7034334265,499258.0375787732,492781.8421373974,2272016.771866717,1022407.5473400226,12907.000906479429
2059,35,0,1059.8348249819228,91675.71236093633,357637.2425092513,333069.2720297117,511862.13075694954,505617.7034334265,499258.0375787732,2300179.9334940305,1035080.9700723136,12673.422732290928
2060,36,0,1071.4289222906568,92678.6017781418,361668.63402508124,336938.82334571215,517992.6470135486,511862.13075694954,505617.7034334265,2327829.9692751504,1047523.4861738178,12442.51610150421
2061,37,0,1082.8063807687217,93662.75193649446,365625.11973168666,340736.8962316882,524010.61173516663,517992.6470135486,511862.13075694954,2354972.963786303,1059737.8337038364,12214.347530018655
2062,38,0,1093.9701009843864,94628.41373514941,369507.67743732635,344464.3985164462,529917.4124909615,524010.61173516663,517992.6470135486,2381615.131029583,1071726.8089633123,11988.975259475876
2063,39,0,1104.9230127201513,95575.8406002931,373317.29696092184,348122.2514171441,535714.4611453284,529917.4124909615,524010.61173516663,2407762.7973625357,1083493.258813141,11766.449849828612
2064,40,0,1115.668069424662,96505.28800523326,377054.9780907516,351711.3874664802,541403.190384361,535714.4611453284,529917.4124909615,2433422.3856525407,1095040.0735436433,11546.814730502432
